"","species","ab_density","ad_density","acceptedname","sr_propAd","sr_even","photo","lifeform","ellenberg_light","height","wh","leaf_size","seed_number"
"1","Acer_pseudoplatanus",400,0,"Acer_pseudoplatanus",0,0,"c3","Ph",4,3000,"w",8365.175,3407
"2","Achillea_millefolium",16,103,NA,0.865546218487395,0.155339805825243,"c3","Ch",7,45,"h",411,8573.36470588235
"3","Achillea_ptarmica",125,130,NA,0.509803921568627,0.961538461538462,"c3","hc",7,60,"h",119,17218.875
"4","Aconitum_napellus",71,0,"Aconitum_napellus",0,0,"c3","Gn",5,100,"h",5535.625,NA
"5","Actaea_spicata",45,0,"Actaea_spicata",0,0,"c3","Gn",3,60,"h",21941.25,515
"6","Adoxa_moschatellina",45,0,NA,0,0,"c3","Gn",4,12,"h",1903.66666666667,276.7
"7","Aegopodium_podagraria",266,0,"Aegopodium_podagraria",0,0,"c3","hc",6,100,"h",13500.242,2775.67777777778
"8","Agrimonia_eupatoria",200,1,NA,0.00497512437810945,0.005,"c3","hc",7,60,"h",8461,41.5
"9","Agrostemma_githago",40,40,NA,0.5,1,"c3","Th",7,100,"h",999.75,688.777777777778
"10","Agrostis_stolonifera",56,80,NA,0.588235294117647,0.7,"c3","hc",7,45,"h",365.666666666667,62463.25
"11","Ajuga_reptans",147,17,"Ajuga_reptans",0.103658536585366,0.115646258503401,"c3","hc",5,30,"h",556,9000.22222166667
"13","Alliaria_petiolata",138,4,"Alliaria_petiolata",0.028169014084507,0.0289855072463768,"c3","hc",5,120,"h",7514,35261.625
"14","Allium_ursinum",60,0,"Allium_ursinum",0,0,"c3","Gn",4,45,"h",6656.66666666667,870.208333333333
"15","Alnus_glutinosa",108,0,"Alnus_glutinosa",0,0,"c3","Ph",5,2000,"w",3462.95,NA
"16","Anemone_nemorosa",42,0,"Anemonoides_nemorosa",0,0,"c3","Gn",5,23,"h",3003,3378.11410269231
"17","Angelica_sylvestris",90,0,"Angelica_sylvestris",0,0,"c3","hc",7,200,"h",40902,11683.20625
"18","Anisantha_sterilis",15,36,NA,0.705882352941177,0.416666666666667,"c3","Th",7,80,"h",NA,NA
"19","Anthemis_arvensis",45,85,NA,0.653846153846154,0.529411764705882,"c3","Th",7,50,"h",373.645,11760.2619071429
"20","Anthemis_cotula",45,80,NA,0.64,0.5625,"c3","Th",7,60,"h",138,6790.35714285714
"21","Anthriscus_sylvestris",160,0.5,"Anthriscus_sylvestris",0.00311526479750779,0.003125,"c3","hc",6,100,"h",22864,4967.08703703704
"22","Anthyllis_vulneraria",105,155,NA,0.596153846153846,0.67741935483871,"c3","hc",8,60,"h",1007,80.2
"23","Aquilegia_vulgaris",69,0,"Aquilegia_vulgaris",0,0,"c3","hc",6,100,"h",9402,819.5
"24","Arrhenatherum_elatius",13,61,"Arrhenatherum_elatius",0.824324324324324,0.213114754098361,"c3","hc",7,150,"h",1223,12580.333335
"25","Arum_maculatum",76,45,"Arum_maculatum",0.371900826446281,0.592105263157895,"c3","Gn",4,50,"h",10496.6666666667,22.8
"27","Astragalus_glycyphyllos",108,0,"Astragalus_glycyphyllos",0,0,"c3","hc",6,100,"h",2720.5,8767.875
"28","Atropa_belladonna",227,56,"Atropa_belladonna",0.197879858657244,0.246696035242291,"c3","hc",5,150,"h",NA,NA
"30","Ballota_nigra",274,0,"Ballota_nigra",0,0,"c3","hc",7,100,"h",717,46369
"31","Barbarea_vulgaris",378,250,"Barbarea_vulgaris",0.398089171974522,0.661375661375661,"c3","hc",7,90,"h",4750.5,43553.2777833333
"32","Bartsia_alpina",56,33,NA,0.370786516853933,0.589285714285714,"c3","hc",8,22,"h",265.75,156.188888888889
"33","Bellis_perennis",94,74,NA,0.44047619047619,0.787234042553192,"c3","hc",8,8,"h",359,17255.0833325
"34","Berberis_vulgaris",400,0,"Berberis_vulgaris",0,0,"c3","Ph",7,250,"w",277.933333333333,NA
"35","Betula_nana",77.5,0,NA,0,0,"c3","Ph",7,100,"w",49.6584210526316,1988.175
"36","Betula_pubescens",147,0,"Betula_pubescens",0,0,"c3","Ph",7,2000,"w",NA,2512612.75
"37","Blackstonia_perfoliata",48,15,NA,0.238095238095238,0.3125,"c3","Th",8,45,"h",453.75,1179
"38","Brassica_oleracea",226,141,NA,0.384196185286104,0.623893805309734,"c3","Ph",8,130,"sw",2722.75,32
"39","Brassica_rapa",283,118,NA,0.29426433915212,0.416961130742049,"c3","Th",7,100,"h",3315.66666666667,4123.66666666667
"40","Bromopsis_ramosa",2,42,NA,0.954545454545455,0.0476190476190476,"c3","hc",4,170,"h",NA,NA
"41","Bryonia_dioica",194,0,NA,0,0,"c3","Gn",7,400,"h",NA,NA
"42","Buxus_sempervirens",160,0,"Buxus_sempervirens",0,0,"c3","Ph",4,500,"w",138.75,NA
"43","Calluna_vulgaris",1200,0,NA,0,0,"c3","Ch",7,60,"w",0.975,102770.15
"44","Caltha_palustris",40,0,NA,0,0,"c3","hc",7,40,"h",19640,24392.3454545455
"45","Calystegia_sepium",93,3,NA,0.03125,0.032258064516129,"c3","Gn",7,200,"h",3208,430.6875
"46","Campanula_latifolia",235,0,NA,0,0,"c3","hc",4,120,"h",7307.33333333333,42848
"47","Campanula_rotundifolia",117,45,NA,0.277777777777778,0.384615384615385,"c3","hc",7,45,"h",72.975,238714.961111111
"48","Campanula_trachelium",198,0,NA,0,0,"c3","hc",4,90,"h",3601,57190.65
"49","Capsella_bursa-pastoris",208,191,NA,0.478696741854637,0.918269230769231,"c3","Th",7,50,"h",1842.66666666667,135603.874055556
"50","Cardamine_pratensis",97,63,NA,0.39375,0.649484536082474,"c3","hc",7,60,"h",1027,79086
"51","Carex_arenaria",120,0,NA,0,0,"c3","hc",8,40,"h",672,31
"52","Carex_divulsa",0,135,NA,1,0,"c3","hc",7,82,"h",1403.7,NA
"53","Carex_muricata",0,100,NA,1,0,"c3","hc",7,85,"h",380.5,40775.66667
"54","Carex_spicata",0,150,NA,1,0,"c3","hc",7,85,"h",324.333333333333,27900
"55","Carex_sylvatica",132,0,"Carex_sylvatica",0,0,"c3","hc",4,70,"h",677,736
"56","Carpinus_betulus",160,0.5,"Carpinus_betulus",0.00311526479750779,0.003125,"c3","Ph",4,3000,"w",2268.52,352681.5
"57","Centaurea_nigra",94,55,NA,0.369127516778524,0.585106382978723,"c3","hc",7,80,"h",3440,1
"58","Centaurea_scabiosa",130,185,NA,0.587301587301587,0.702702702702703,"c3","hc",8,105,"h",4352,3457.4
"59","Cerastium_alpinum",28,60,NA,0.681818181818182,0.466666666666667,"c3","Ch",9,12,"h",40.72,12.4166666666667
"60","Cerastium_cerastoides",87,120,NA,0.579710144927536,0.725,"c3","Ch",8,12,"h",14.1725,24.6
"61","Chaerophyllum_temulum",150,0,"Chaerophyllum_temulum",0,0,"c3","hc",6,100,"h",20341,22595.2083325
"62","Chamerion_angustifolium",250,8,NA,0.0310077519379845,0.032,"c3","Gn",6,150,"h",NA,NA
"63","Chenopodium_bonus-henricus",100,67,NA,0.401197604790419,0.67,"c3","hc",8,50,"h",5275,9063.22222333333
"64","Chenopodium_ficifolium",63,39,NA,0.382352941176471,0.619047619047619,"c3","Th",7,90,"h",789.7,38487.75
"65","Chenopodium_rubrum",155,87,NA,0.359504132231405,0.561290322580645,"c3","Th",7,70,"h",1359.3,130898.46666
"66","Circaea_alpina",56,0,"Circaea_alpina",0,0,"c3","Gn",4,30,"h",683,3
"67","Cirsium_acaule",192,52,NA,0.213114754098361,0.270833333333333,"c3","hc",9,15,"h",2241.8125,425
"68","Cirsium_eriophorum",216,63,NA,0.225806451612903,0.291666666666667,"c3","hc",8,150,"h",10538,NA
"69","Cirsium_palustre",128,3,"Cirsium_palustre",0.0229007633587786,0.0234375,"c3","hc",7,175,"h",NA,8686.07272727273
"70","Cirsium_vulgare",85,45,NA,0.346153846153846,0.529411764705882,"c3","hc",7,150,"h",11035.5,6990.46666666667
"71","Clematis_vitalba",115,0,"Clematis_vitalba",0,0,"c3","Ph",6,3000,"w",5633,77
"72","Coincya_wrightii",480,233,NA,0.326788218793829,0.485416666666667,"c3","Ch",9,90,"h",NA,NA
"73","Colchicum_autumnale",47,41,"Colchicum_autumnale",0.465909090909091,0.872340425531915,"c3","Gn",6,35,"h",5411.05,17415.191334
"74","Convallaria_majalis",47,60,"Convallaria_majalis",0.560747663551402,0.783333333333333,"c3","Gn",5,25,"h",6124.5,300.465
"75","Convolvulus_arvensis",79,50,NA,0.387596899224806,0.632911392405063,"c3","Gn",7,100,"h",1124.75,936.23333333
"76","Cornus_sanguinea",246,0,"Thelycrania_sanguinea",0,0,"c3","Ph",7,400,"w",1009.23333333333,970.333333333333
"77","Cornus_suecica",89,0,NA,0,0,"c3","hc",6,20,"h",265.285,5
"78","Corrigiola_litoralis",60,70,NA,0.538461538461538,0.857142857142857,"c3","Th",8,25,"h",21.64,15.5
"79","Corylus_avellana",225,0,"Corylus_avellana",0,0,"c3","Ph",4,600,"w",3249.14,1250
"80","Crataegus_monogyna",154,0,"Crataegus_monogyna",0,0,"c3","Ph",6,1000,"w",491.14,1.5
"81","Crepis_capillaris",150,103,NA,0.407114624505929,0.686666666666667,"c3","Th",7,75,"h",1585.66666666667,4020
"82","Crepis_paludosa",112,3,NA,0.0260869565217391,0.0267857142857143,"c3","hc",6,80,"h",2260,278.875
"83","Cynoglossum_officinale",353,109,NA,0.235930735930736,0.308781869688385,"c3","hc",8,75,"h",3173.66666666667,3475.266666
"84","Cytisus_scoparius",0,90,"Cytisus_scoparius",1,0,"c3","Ph",8,200,"w",19.6,NA
"85","Daphne_laureola",94,0,"Daphne_laureola",0,0,"c3","Ph",4,100,"w",1518.5,72.5
"86","Daphne_mezereum",99,0,"Daphne_mezereum",0,0,"c3","Ph",4,100,"w",340.9,11.75
"87","Datura_stramonium",189,114,NA,0.376237623762376,0.603174603174603,"c3","Th",8,100,"h",14739.875,4384.33333333333
"88","Daucus_carota",225,39,NA,0.147727272727273,0.173333333333333,"c3","hc",8,100,"h",NA,32745.2222222222
"89","Deschampsia_cespitosa",0,117,NA,1,0,"c3","hc",6,150,"h",342.333958333333,34398.5136363636
"90","Digitalis_purpurea",110,6,NA,0.0517241379310345,0.0545454545454545,"c3","hc",6,150,"h",32204,363128
"91","Dipsacus_fullonum",93,9,NA,0.0882352941176471,0.0967741935483871,"c3","hc",8,200,"h",23937,129705.416666667
"92","Dipsacus_pilosus",175,26,"Dipsacus_pilosus",0.129353233830846,0.148571428571429,"c3","hc",7,150,"h",8154.83333333333,4296.33333333333
"93","Drosera_rotundifolia",36.3,36.3,NA,0.5,1,"c3","hc",8,5,"h",86.75,503.5
"94","Elytrigia_repens",73,84,NA,0.535031847133758,0.869047619047619,"c3","hc",7,125,"h",NA,NA
"95","Epilobium_alsinifolium",184,153,NA,0.454005934718101,0.831521739130435,"c3","hc",8,20,"h",NA,NA
"96","Epilobium_anagallidifolium",120,189,NA,0.611650485436893,0.634920634920635,"c3","hc",8,10,"h",23.782,92.25
"97","Epilobium_montanum",185,16,"Chamaenerion_montanum",0.0796019900497512,0.0864864864864865,"c3","hc",6,75,"h",2187,417429.55
"98","Epilobium_palustre",240,89,NA,0.270516717325228,0.370833333333333,"c3","hc",7,60,"h",492.333333333333,9066
"99","Epilobium_tetragonum",200,145,"Epilobium_ciliatum",0.420289855072464,0.725,"c3","hc",6,75,"h",917.9375,2536
"100","Erica_ciliaris",164,0,NA,0,0,"c3","Ch",8,60,"w",NA,NA
"101","Eryngium_maritimum",59,67,NA,0.531746031746032,0.880597014925373,"c3","hc",9,60,"h",6625.63,148
"102","Euonymus_europaeus",254,0.5,"Euonymus_europaeus",0.00196463654223969,0.00196850393700787,"c3","Ph",5,600,"w",1181.5,2.75
"103","Euphorbia_amygdaloides",104,0,"Euphorbia_amygdaloides",0,0,"c3","Ch",4,70,"h",312.75,243.5
"104","Euphrasia_confusa",159,112,NA,0.413284132841328,0.70440251572327,"c3","Th",8,20,"h",NA,NA
"105","Fagus_sylvatica",236,0,"Fagus_sylvatica",0,0,"c3","Ph",3,3000,"w",2027.675,13965.4285714286
"106","Fallopia_convolvulus",138,19,NA,0.121019108280255,0.13768115942029,"c3","Th",7,100,"h",602.666666666667,5648.33333307692
"107","Fallopia_japonica",76,0,NA,0,0,"c3","Gn",6,200,"h",NA,NA
"108","Festuca_altissima",0,200,"Festuca_altissima",1,0,"c3","hc",3,120,"h",2403.5,179.5
"109","Festuca_arundinacea",33,61,NA,0.648936170212766,0.540983606557377,"c3","hc",8,120,"h",4002.5,58164.16665
"110","Festuca_gigantea",3.5,36,"Festuca_gigantea",0.911392405063291,0.0972222222222222,"c3","hc",5,125,"h",3341,9618.5833325
"111","Festuca_longifolia",0,240,NA,1,0,"c3","hc",8,40,"h",NA,NA
"112","Festuca_pratensis",26.3,84,NA,0.761559383499547,0.313095238095238,"c3","hc",7,80,"h",527.5,125630.75
"113","Fragaria_vesca",223,0,NA,0,0,"c3","hc",6,30,"h",2393.5,6643.45151545455
"114","Fraxinus_excelsior",176,0,"Fraxinus_excelsior",0,0,"c3","Ph",5,2500,"w",1426.54,25002
"115","Gagea_lutea",27,27,"Gagea_nakaiana",0.5,1,"c3","Gn",4,25,"h",631,90
"116","Galanthus_nivalis",55,30,"Galanthus_nivalis",0.352941176470588,0.545454545454545,"c3","Gn",5,22,"h",1403.5,20.1666666666667
"117","Galeopsis_tetrahit",140,15,"Galeopsis_tetrahit",0.0967741935483871,0.107142857142857,"c3","Th",7,100,"h",2390,4090.33333333333
"118","Galium_mollugo",200,10,"Galium_mollugo",0.0476190476190476,0.05,"c3","hc",7,112,"h",80.5,44524.9166666667
"119","Gentiana_verna",70,50,NA,0.416666666666667,0.714285714285714,"c3","Ch",8,7,"h",NA,1344.8
"120","Gentianella_amarella",127,32,NA,0.20125786163522,0.251968503937008,"c3","hc",8,30,"h",3497,233.366666666667
"121","Geranium_dissectum",318,0,"Geranium_dissectum",0,0,"c3","Th",7,60,"h",1074.66666666667,2123.555555
"122","Geranium_phaeum",130,0,"Geranium_phaeum",0,0,"c3","hc",6,80,"h",10610,3001.22222233333
"123","Geranium_purpureum",107.4,0,NA,0,0,"c3","Th",7,50,"h",NA,5
"124","Geranium_pyrenaicum",146,51,NA,0.258883248730964,0.349315068493151,"c3","hc",8,60,"h",4880,NA
"125","Geranium_robertianum",190,0,"Geranium_robertianum",0,0,"c3","hc",5,50,"h",1224,2362.73571428571
"127","Geum_rivale",220,20,"Geum_rivale",0.0833333333333333,0.0909090909090909,"c3","hc",6,50,"h",6428,1368.25714285714
"128","Glaucium_flavum",88,117,NA,0.570731707317073,0.752136752136752,"c3","hc",9,90,"h",4986,722.5
"129","Glechoma_hederacea",160,0,"Glechoma_hederacea",0,0,"c3","hc",6,30,"h",882,38618.1666666667
"131","Gnaphalium_norvegicum",144,7,NA,0.0463576158940397,0.0486111111111111,"c3","hc",8,30,"h",NA,NA
"132","Hedera_helix",125,0,"Hedera_helix",0,0,"c3","Ph",4,3000,"w",1736.53333333333,2674.5
"133","Helianthemum_nummularium",260,120,NA,0.315789473684211,0.461538461538462,"c3","Ch",7,15,"sw",72.025,114.5
"134","Helictotrichon_pratense",33,85,NA,0.720338983050847,0.388235294117647,"c3","hc",7,80,"h",NA,NA
"135","Helictotrichon_pubescens",12,89,NA,0.881188118811881,0.134831460674157,"c3","hc",7,100,"h",NA,NA
"136","Helleborus_foetidus",65,0,"Helleborus_foetidus",0,0,"c3","Ch",5,80,"h",8718.08333333333,886.5
"137","Helleborus_viridis",41,0,"Helleborus_viridis",0,0,"c3","hc",3,40,"h",27262,144.333333333333
"138","Heracleum_mantegazzianum",491,75,NA,0.132508833922261,0.152749490835031,"c3","hc",7,350,"h",332249.726666667,31597.0714285714
"139","Heracleum_sphondylium",314,60,NA,0.160427807486631,0.191082802547771,"c3","hc",7,175,"h",81950.6666666667,20887.1785714286
"140","Himantoglossum_hircinum",44,0,NA,0,0,"c3","Gn",7,70,"h",3352.5,14900
"141","Hippocrepis_comosa",190,156,NA,0.450867052023121,0.821052631578947,"c3","Ch",8,25,"h",218.166666666667,164
"143","Holcus_lanatus",37,55,"Holcus_lanatus",0.597826086956522,0.672727272727273,"c3","hc",7,100,"h",970.833333333333,157198.44
"144","Holcus_mollis",38,61,"Holcus_mollis",0.616161616161616,0.622950819672131,"c3","hc",6,100,"h",1053.5,42833.96666
"145","Hordelymus_europaeus",5,79,"Hordelymus_europaeus",0.94047619047619,0.0632911392405063,"c3","hc",6,120,"h",2674.625,31.5
"146","Hordeum_jubatum",80,120,NA,0.6,0.666666666666667,"c3","hc",9,60,"h",181,28612
"147","Hordeum_murinum",58,62,NA,0.516666666666667,0.935483870967742,"c3","Th",8,60,"h",519.8125,10603.95
"148","Hyacinthoides_non-scripta",51,55,"Hyacinthoides_non-scripta",0.518867924528302,0.927272727272727,"c3","Gn",5,50,"h",3499.5,16730.3333333333
"150","Hydrocotyle_vulgaris",97,25,NA,0.204918032786885,0.257731958762887,"c3","hc",8,20,"h",655,164.75
"151","Hypericum_androsaemum",200,0,"Hypericum_androsaemum",0,0,"c3","Ph",5,80,"w",NA,51823
"152","Hypericum_hirsutum",298,0,"Hypericum_hirsutum",0,0,"c3","hc",6,100,"h",370.5,12952.5
"153","Hypericum_linariifolium",150,0,NA,0,0,"c3","hc",7,40,"h",NA,NA
"154","Hypericum_perforatum",233,0,"Hypericum_perforatum",0,0,"c3","hc",7,80,"h",147.333333333333,154233.555555556
"155","Hypericum_pulchrum",163,0,"Hypericum_pulchrum",0,0,"c3","hc",6,60,"h",96,2279.5
"156","Hypochaeris_maculata",204,158,NA,0.43646408839779,0.774509803921569,"c3","hc",8,60,"h",2174.15666666667,219.325
"157","Hypochaeris_radicata",131,136,NA,0.50936329588015,0.963235294117647,"c3","hc",8,60,"h",NA,NA
"158","Ilex_aquifolium",180,0,"Ilex_aquifolium",0,0,"c3","Ph",5,1500,"w",1576.525,60002
"159","Impatiens_glandulifera",277,137,NA,0.330917874396135,0.494584837545126,"c3","Th",6,200,"h",11910,3996.8333335
"160","Impatiens_noli-tangere",261,12,NA,0.043956043956044,0.0459770114942529,"c3","Th",4,60,"h",1649,2590.78888883333
"161","Inula_conyzae",104,94,NA,0.474747474747475,0.903846153846154,"c3","hc",7,125,"h",NA,NA
"162","Jasione_montana",61.6,14,NA,0.185185185185185,0.227272727272727,"c3","hc",7,50,"h",36.5,1342741
"163","Juncus_squarrosus",300,0,NA,0,0,"c3","hc",7,30,"h",66.75,655677.111
"165","Koeleria_macrantha",0,92,NA,1,0,"c3","hc",8,50,"h",454,49580
"166","Lamiastrum_galeobdolon",175,0,NA,0,0,"c3","Ch",4,60,"h",1564,8817.6
"167","Lathyrus_japonicus",100,100,NA,0.5,1,"c3","Gn",9,20,"h",NA,25.5
"168","Lathyrus_linifolius",58,10,"Lathyrus_linifolius",0.147058823529412,0.172413793103448,"c3","Gn",6,40,"h",NA,NA
"169","Lathyrus_nissolia",29,176,NA,0.858536585365854,0.164772727272727,"c3","Th",8,75,"h",975.116666666667,224
"170","Lathyrus_pratensis",76,73,"Lathyrus_pratensis",0.48993288590604,0.960526315789474,"c3","hc",7,80,"h",158.333333333333,541.55
"171","Lathyrus_sylvestris",103,167,"Lathyrus_sylvestris",0.618518518518518,0.616766467065868,"c3","hc",7,200,"h",NA,1493.45
"172","Lavatera_arborea",156,55,NA,0.260663507109005,0.352564102564103,"c3","Ph",9,300,"w",NA,9004.5
"173","Lepidium_draba",273,0,NA,0,0,"c3","hc",8,60,"h",NA,NA
"174","Leucanthemum_vulgare",64,37,NA,0.366336633663366,0.578125,"c3","hc",8,75,"h",669.666666666667,2420.86875
"175","Ligusticum_scoticum",210,0,NA,0,0,"c3","hc",8,60,"h",NA,2
"176","Ligustrum_vulgare",300,0,"Ligustrum_vulgare",0,0,"c3","Ph",6,300,"w",626.9,16.1666666666667
"177","Lilium_martagon",30,0,"Lilium_martagon",0,0,"c3","Gn",3,100,"h",4471,15711
"178","Limonium_bellidifolium",36,73,NA,0.669724770642202,0.493150684931507,"c3","hc",9,30,"h",NA,NA
"179","Limonium_binervosum",26,33,NA,0.559322033898305,0.787878787878788,"c3","hc",9,50,"h",94,NA
"180","Linnaea_borealis",200,0,"Linnaea_borealis",0,0,"c3","Ch",5,10,"sw",76.61,44.25
"181","Linum_catharticum",209,129,NA,0.381656804733728,0.617224880382775,"c3","hc",8,18,"h",26.6166666666667,388.564285714286
"182","Listera_ovata",29,0,"Listera_ovata",0,0,"c3","Gn",6,60,"h",3720.66666666667,337000
"183","Lithospermum_officinale",230,0,"Lithospermum_officinale",0,0,"c3","hc",6,80,"h",957.5,1
"184","Lithospermum_purpurocaeruleum",170,0,"Aegonychon_purpurea-coeruleum",0,0,"c3","Ch",5,60,"h",NA,NA
"185","Lobelia_urens",250,150,NA,0.375,0.6,"c3","hc",8,70,"h",NA,475
"186","Lonicera_periclymenum",130,0,"Lonicera_periclymenum",0,0,"c3","Ph",5,600,"w",803.9,8
"187","Lotus_corniculatus",82,118,NA,0.59,0.694915254237288,"c3","hc",7,40,"h",132,10047.6666666667
"188","Luzula_forsteri",189,0,"Luzula_forsteri",0,0,"c3","hc",4,35,"h",NA,233
"189","Luzula_pilosa",41,0,"Luzula_pilosa",0,0,"c3","hc",5,32,"h",664,2336.10689655172
"190","Lychnis_viscaria",45,45,NA,0.5,1,"c3","Ch",8,45,"h",476.5,57207.7142857143
"191","Lysimachia_nemorum",86,38,"Lerouxia_nemorum",0.306451612903226,0.441860465116279,"c3","Ch",5,20,"h",252.5,7.5
"192","Lysimachia_nummularia",125,60,"Lysimachia_nummularia",0.324324324324324,0.48,"c3","hc",5,5,"h",284.333333333333,8156.666667
"193","Lythrum_hyssopifolia",142,140,NA,0.49645390070922,0.985915492957746,"c3","Th",8,15,"h",12.5,26681
"194","Lythrum_salicaria",159,24,NA,0.131147540983607,0.150943396226415,"c3","hc",7,120,"h",1742.375,297447.45825
"195","Malva_moschata",79,36,NA,0.31304347826087,0.455696202531646,"c3","hc",7,80,"h",3094.66666666667,3230
"196","Malva_neglecta",286,221,NA,0.435897435897436,0.772727272727273,"c3","Th",7,60,"h",162,17094.2222233333
"197","Malva_sylvestris",328,218,NA,0.399267399267399,0.664634146341463,"c3","hc",8,150,"h",7727.5,700
"198","Matricaria_discoidea",122,21,NA,0.146853146853147,0.172131147540984,"c3","Th",7,35,"h",NA,NA
"199","Medicago_lupulina",114,159,NA,0.582417582417582,0.716981132075472,"c3","Th",7,50,"h",509.333333333333,15274.3423076923
"200","Medicago_sativa",188,169,NA,0.473389355742297,0.898936170212766,"c3","hc",7,90,"h",1288,91144.66667
"201","Melica_nutans",0,122,"Melica_nutans",1,0,"c3","hc",4,60,"h",402,2490.77142857143
"202","Melica_uniflora",0,95,"Melica_uniflora",1,0,"c3","hc",4,60,"h",NA,14
"203","Mercurialis_perennis",82,6,"Synema_perenne",0.0681818181818182,0.0731707317073171,"c3","hc",3,40,"h",1890.5,409.3666666
"204","Milium_effusum",0,103,"Milium_effusum",1,0,"c3","hc",4,150,"h",1621.5,6875.943333
"205","Mimulus_guttatus",186,164,NA,0.468571428571429,0.881720430107527,"c3","hc",7,50,"h",2084.0625,350295.222333333
"206","Moehringia_trinervia",80,4,"Moehringia_trinervia",0.0476190476190476,0.05,"c3","Th",4,40,"h",81.3333333333333,1376.52857142857
"207","Mycelis_muralis",89,0,NA,0,0,"c3","hc",4,100,"h",NA,7208.05833375
"208","Myosotis_alpestris",245,145,NA,0.371794871794872,0.591836734693878,"c3","hc",8,25,"h",NA,52.2
"209","Myosotis_scorpioides",91,7,NA,0.0714285714285714,0.0769230769230769,"c3","hc",7,57,"h",1086.0625,17106.8333333333
"210","Myosoton_aquaticum",54,31,NA,0.364705882352941,0.574074074074074,"c3","hc",7,100,"h",1048,692356.75
"211","Myrica_gale",30.6,0,NA,0,0,"c3","Ph",8,150,"w",169,14370
"212","Narcissus_pseudonarcissus",68,65,"Narcissus_pseudonarcissus",0.488721804511278,0.955882352941177,"c3","Gn",7,35,"h",1773.5,76.3333333333333
"213","Nepeta_cataria",163,0,NA,0,0,"c3","hc",7,100,"h",390.5,236
"216","Oenothera_biennis",221,140,NA,0.38781163434903,0.633484162895928,"c3","hc",9,100,"h",14200,110772.066671429
"217","Onobrychis_viciifolia",135,248,NA,0.647519582245431,0.544354838709677,"c3","hc",7,60,"h",3134.4375,2710.4166675
"218","Ononis_spinosa",91,76,NA,0.455089820359281,0.835164835164835,"c3","Ch",8,70,"sw",NA,152
"219","Ophrys_apifera",81,0,NA,0,0,"c3","Gn",8,45,"h",612.5,20500
"220","Orchis_mascula",45,0,"Orchis_mascula",0,0,"c3","Gn",6,40,"h",2527.66666666667,NA
"221","Orchis_militaris",50,0,NA,0,0,"c3","Gn",7,45,"h",6088,NA
"222","Origanum_vulgare",311,28,NA,0.0825958702064897,0.090032154340836,"c3","Ch",6,65,"h",511,108671.83335
"223","Ornithogalum_pyrenaicum",42,42,NA,0.5,1,"c3","Gn",5,75,"h",NA,111.4
"224","Oxalis_acetosella",56,0,"Oxalis_acetosella",0,0,"c3","hc",4,10,"h",806,765.5377778
"225","Oxyria_digyna",128,32,NA,0.2,0.25,"c3","hc",7,30,"h",NA,67.64
"226","Papaver_rhoeas",108,16,NA,0.129032258064516,0.148148148148148,"c3","Th",7,60,"h",4986.5,85750.8333333333
"227","Paris_quadrifolia",20,0,"Paris_quadrifolia",0,0,"c3","Gn",3,40,"h",1325,209.438888888889
"229","Persicaria_lapathifolia",205,107,NA,0.342948717948718,0.521951219512195,"c3","Th",7,100,"h",NA,NA
"230","Persicaria_maculosa",155,48,NA,0.236453201970443,0.309677419354839,"c3","Th",7,80,"h",NA,NA
"231","Persicaria_vivipara",172,33,NA,0.160975609756098,0.191860465116279,"c3","hc",8,30,"h",NA,NA
"232","Peucedanum_officinale",68,80,NA,0.540540540540541,0.85,"c3","hc",7,200,"h",6869.405,5e+05
"233","Peucedanum_palustre",75,50,NA,0.4,0.666666666666667,"c3","hc",7,150,"h",9407.28571428571,102608.3333
"235","Phleum_arenarium",80,235,NA,0.746031746031746,0.340425531914894,"c3","Th",9,17,"h",NA,164
"236","Phleum_pratense",103,136,NA,0.569037656903766,0.757352941176471,"c3","hc",8,150,"h",380,23233.4
"238","Phyteuma_spicatum",176,2,"Rapunculus_spicatus",0.0112359550561798,0.0113636363636364,"c3","hc",5,80,"h",1272,522
"239","Pilosella_officinarum",148,115,NA,0.437262357414449,0.777027027027027,"c3","hc",8,12,"h",NA,NA
"240","Pinguicula_grandiflora",40,40,NA,0.5,1,"c3","hc",7,8,"h",NA,NA
"242","Plantago_lanceolata",225,267,NA,0.542682926829268,0.842696629213483,"c3","hc",7,15,"h",2567,10029.8861111111
"243","Plantago_major",233,184,NA,0.441247002398082,0.789699570815451,"c3","hc",7,15,"h",30968,78230.2051307692
"244","Plantago_maritima",212,117,NA,0.355623100303951,0.55188679245283,"c3","hc",8,15,"h",791.3125,994
"245","Plantago_media",254,184,NA,0.420091324200913,0.724409448818898,"c3","hc",8,6,"h",4827.66666666667,1664.68285714286
"246","Poa_alpina",55,82,NA,0.598540145985402,0.670731707317073,"c3","hc",7,40,"h",122.92,15.475
"247","Poa_annua",135,125,NA,0.480769230769231,0.925925925925926,"c3","Th",7,20,"h",138.333333333333,12988.625
"248","Poa_humilis",10.2,28,NA,0.732984293193717,0.364285714285714,"c3","hc",8,30,"h",NA,NA
"249","Poa_nemoralis",118,3.8,"Poa_nemoralis",0.0311986863711002,0.0322033898305085,"c3","hc",4,75,"h",536.5,11745.27778
"250","Polemonium_caeruleum",90,0,NA,0,0,"c3","hc",5,90,"h",1840,10910.6666666667
"251","Polygala_vulgaris",147,110,NA,0.428015564202335,0.748299319727891,"c3","Ch",8,25,"h",53.5425,71
"252","Polygonatum_multiflorum",73,0,"Polygonatum_multiflorum",0,0,"c3","Gn",4,80,"h",2038.25,42.3333333333333
"253","Polygonatum_odoratum",66,0,"Polygonatum_odoratum",0,0,"c3","Gn",5,40,"h",2270,981.283333333333
"254","Polygonatum_verticillatum",88,0,"Polygonatum_verticillatum",0,0,"c3","Gn",4,80,"h",1003,198.5
"255","Polygonum_aviculare",144,106,NA,0.424,0.736111111111111,"c3","Th",7,30,"h",361.5,31670.041675
"256","Populus_nigra",115,20,"Populus_nigra",0.148148148148148,0.173913043478261,"c3","Ph",6,3000,"w",2784.625,68119
"257","Populus_tremula",330,0,"Populus_tremula",0,0,"c3","Ph",6,2000,"w",2513.3125,NA
"260","Potentilla_erecta",400,0,"Potentilla_erecta",0,0,"c3","hc",7,25,"h",148.5,3045.57017526316
"261","Potentilla_rupestris",192,45,NA,0.189873417721519,0.234375,"c3","hc",7,60,"h",571.75,840.75
"262","Potentilla_sterilis",171,0,NA,0,0,"c3","hc",5,15,"h",518,38.25
"263","Primula_vulgaris",140,0,"Primula_vulgaris",0,0,"c3","hc",5,15,"h",6409,58
"264","Prunella_vulgaris",210,42,"Prunella_vulgaris",0.166666666666667,0.2,"c3","hc",7,30,"h",675.333333333333,5229.477778
"265","Prunus_avium",282,0,"Cerasus_avium",0,0,"c3","Ph",4,2500,"w",NA,1
"266","Prunus_padus",279,10,NA,0.0346020761245675,0.03584229390681,"c3","Ph",5,1500,"w",3044.558,4000.5
"267","Prunus_spinosa",375,0,"Prunus_spinosa",0,0,"c3","Ph",6,400,"w",472.25,1
"268","Pulsatilla_vulgaris",46.7,24.7,NA,0.34593837535014,0.528907922912206,"c3","hc",7,30,"h",1823.625,103.666666666667
"269","Pyrola_minor",183,17,"Pyrola_minor",0.085,0.092896174863388,"c3","hc",5,7,"h",325.791547619048,1884298
"270","Quercus_robur",450,0,"Quercus_robur",0,0,"c3","Ph",7,3000,"w",2073.53333333333,10040.9
"271","Ranunculus_auricomus",59,16,"Ranunculus_auricomus",0.213333333333333,0.271186440677966,"c3","hc",6,40,"h",1276.5,1670.95833325
"272","Ranunculus_bulbosus",151,35,NA,0.188172043010753,0.231788079470199,"c3","hc",7,40,"h",1081.33333333333,106.2
"273","Ranunculus_ficaria",75,21,NA,0.21875,0.28,"c3","Gn",6,25,"h",673,49.1111111111111
"274","Ranunculus_flammula",98,79,NA,0.446327683615819,0.806122448979592,"c3","hc",7,50,"h",656.583333333333,101215.16665
"275","Ranunculus_lingua",27,13,NA,0.325,0.481481481481481,"c3","hc",7,120,"h",2416.75,127.5
"276","Ranunculus_parviflorus",70,16,NA,0.186046511627907,0.228571428571429,"c3","Th",7,40,"h",NA,25
"277","Ranunculus_repens",134,28,NA,0.172839506172839,0.208955223880597,"c3","hc",6,60,"h",3593.55555555556,607.616666666667
"278","Ranunculus_sceleratus",47,31,NA,0.397435897435897,0.659574468085106,"c3","Th",8,60,"h",1115.375,144735.5
"279","Raphanus_raphanistrum",189,130,NA,0.407523510971787,0.687830687830688,"c3","Th",7,70,"h",6127.33333333333,4548
"280","Reseda_luteola",180,122,NA,0.403973509933775,0.677777777777778,"c3","hc",7,150,"h",1097.125,95482
"281","Rhamnus_cathartica",167,0,"Rhamnus_cathartica",0,0,"c3","Ph",7,600,"w",NA,NA
"282","Rhododendron_ponticum",37.5,0.6,NA,0.015748031496063,0.016,"c3","Ph",5,500,"w",2365.8,250
"283","Ribes_nigrum",144,0,"Ribes_nigrum",0,0,"c3","Ph",5,200,"w",2989.85,12
"284","Rorippa_sylvestris",280,235,NA,0.456310679611651,0.839285714285714,"c3","hc",8,60,"h",1154.33333333333,156129.8
"285","Rosa_canina",89,0,"Rosa_canina",0,0,"c3","Ph",6,300,"w",NA,22.5
"286","Rumex_acetosa",59,14,NA,0.191780821917808,0.23728813559322,"c3","hc",7,60,"h",2014.9275,503.292307692308
"287","Rumex_acetosella",80,58,NA,0.420289855072464,0.725,"c3","hc",7,30,"h",204.666666666667,3892.33333333333
"288","Rumex_crispus",70,34,NA,0.326923076923077,0.485714285714286,"c3","hc",8,100,"h",6290,16830.966667
"289","Rumex_obtusifolius",388,88,NA,0.184873949579832,0.22680412371134,"c3","hc",7,100,"h",43260.25,20215.54166625
"290","Rumex_sanguineus",103,12,"Rumex_sanguineus",0.104347826086957,0.116504854368932,"c3","hc",5,60,"h",4734,588.75
"291","Salix_caprea",400,0,"Salix_caprea",0,0,"c3","Ph",7,1000,"w",2046.325,8903450.5
"292","Salix_herbacea",84,78,NA,0.481481481481481,0.928571428571429,"c3","Ch",8,6,"w",111.872692307692,93.5
"293","Sanicula_europaea",143,0,"Sanicula_europaea",0,0,"c3","hc",4,40,"h",2414,7261.4166675
"294","Saponaria_officinalis",103,17,"Saponaria_officinalis",0.141666666666667,0.16504854368932,"c3","hc",8,90,"h",2165.5,29086
"295","Saussurea_alpina",62,9,NA,0.126760563380282,0.145161290322581,"c3","hc",8,45,"h",622.786576315789,62.32
"296","Saxifraga_aizoides",79,65,NA,0.451388888888889,0.822784810126582,"c3","Ch",8,20,"h",27.165,552.5
"297","Saxifraga_stellaris",5,16,NA,0.761904761904762,0.3125,"c3","hc",8,20,"h",31.47,488.1
"298","Scrophularia_auriculata",95,8,NA,0.0776699029126214,0.0842105263157895,"c3","hc",7,120,"h",15875.6666666667,1400
"299","Scrophularia_nodosa",181,2,"Scrophularia_nodosa",0.0109289617486339,0.0110497237569061,"c3","hc",5,100,"h",8166,43427.8928571429
"300","Sedum_acre",14,21,NA,0.6,0.666666666666667,"c3","Ch",8,10,"h",NA,337587.67334
"302","Sedum_telephium",46,18,"Hylotelephium_telephium",0.28125,0.391304347826087,"c3","hc",7,60,"h",936,58299.875
"303","Senecio_cambrensis",32,11,NA,0.255813953488372,0.34375,"c3","Th",8,30,"h",NA,NA
"304","Senecio_jacobaea",125,28,NA,0.183006535947712,0.224,"c3","hc",7,125,"h",7365,38846.25
"305","Senecio_vulgaris",123,54,NA,0.305084745762712,0.439024390243902,"c3","Th",7,37,"h",513,48351.55
"306","Serratula_tinctoria",170,19,"Serratula_tinctoria",0.100529100529101,0.111764705882353,"c3","hc",7,70,"h",4699.35,NA
"307","Sesleria_caerulea",7.5,350,NA,0.979020979020979,0.0214285714285714,"c3","hc",7,45,"h",NA,975.5
"308","Sibbaldia_procumbens",97,167,NA,0.632575757575758,0.580838323353293,"c3","hc",8,5,"h",168.738875,34.0636363636364
"309","Sibthorpia_europaea",100,0,"Sibthorpia_europaea",0,0,"c3","Ch",5,5,"h",NA,NA
"310","Silene_dioica",67,3,"Silene_dioica",0.0428571428571429,0.0447761194029851,"c3","hc",5,90,"h",3533,16113.7416625
"311","Silene_latifolia",49,57,NA,0.537735849056604,0.859649122807018,"c3","hc",7,100,"h",1762.5,63999.86666
"312","Silene_uniflora",160,160,NA,0.5,1,"c3","hc",8,28,"h",273,NA
"313","Silene_vulgaris",32,32,NA,0.5,1,"c3","hc",7,80,"h",1179.5,1663.6
"314","Sison_amomum",228,0,NA,0,0,"c3","hc",7,100,"h",6204,NA
"315","Sisymbrium_officinale",363,279,NA,0.434579439252336,0.768595041322314,"c3","Th",7,95,"h",6344.33333333333,59364.7222166667
"316","Smyrnium_olusatrum",67,157,NA,0.700892857142857,0.426751592356688,"c3","hc",7,150,"h",6838,NA
"317","Solanum_dulcamara",156,0,"Solanum_dulcamara",0,0,"c3","Ph",7,225,"sw",1903.25833333333,16841.733334
"318","Solanum_nigrum",168.4,78.9,NA,0.319045693489689,0.468527315914489,"c3","Th",7,60,"h",1272.5,53859.7
"319","Solidago_virgaurea",78,80,"Solidago_virgaurea",0.506329113924051,0.975,"c3","hc",5,70,"h",2302.5,7528.71212121212
"320","Sonchus_arvensis",374,4,NA,0.0105820105820106,0.0106951871657754,"c3","hc",8,150,"h",12192,16413.366667
"321","Sorbus_aria",225,0,"Sorbus_aria",0,0,"c3","Ph",6,1500,"w",5548.375,6
"322","Sorbus_aucuparia",224,0,"Sorbus_aucuparia",0,0,"c3","Ph",6,1500,"w",637.05,8414
"327","Stachys_germanica",430,40,NA,0.0851063829787234,0.0930232558139535,"c3","hc",7,80,"h",NA,NA
"328","Stachys_officinalis",145,32,NA,0.180790960451977,0.220689655172414,"c3","hc",7,60,"h",2281.375,27569.791675
"329","Stachys_sylvatica",136,0,"Stachys_sylvatica",0,0,"c3","hc",6,100,"h",2139.5,2783.22307692308
"330","Stellaria_graminea",85,35,NA,0.291666666666667,0.411764705882353,"c3","hc",7,80,"h",76.3333333333333,7761.83333333333
"331","Stellaria_holostea",118,3,"Stellaria_holostea",0.0247933884297521,0.0254237288135593,"c3","Ch",5,60,"h",216,4804.375
"332","Stellaria_media",46.8,33.1,NA,0.414267834793492,0.707264957264957,"c3","Th",7,50,"h",488,7782.64444444444
"334","Suaeda_maritima",50,38,NA,0.431818181818182,0.76,"c3","Th",9,30,"h",32.25,80.5
"335","Succisa_pratensis",222,79,NA,0.262458471760797,0.355855855855856,"c3","hc",7,100,"h",4860.66666666667,541
"336","Symphoricarpos_albus",116,0,NA,0,0,"c3","Ph",5,200,"w",2274.25,NA
"337","Tanacetum_vulgare",160,200,NA,0.555555555555556,0.8,"c3","hc",7,120,"h",8376,246298.6
"339","Tephroseris_integrifolia",70,20,NA,0.222222222222222,0.285714285714286,"c3","hc",7,60,"h",NA,NA
"340","Teucrium_scorodonia",238,0,"Teucrium_scorodonia",0,0,"c3","hc",6,50,"h",939,8148
"341","Thalictrum_flavum",93,58,NA,0.384105960264901,0.623655913978495,"c3","hc",7,100,"h",32542.5,14399
"342","Thymus_serpyllum",366,88,NA,0.193832599118943,0.240437158469945,"c3","Ch",8,4,"sw",10.44,55.5
"343","Tilia_platyphyllos",119,0,"Tilia_platyphyllos",0,0,"c3","Ph",4,3000,"w",6034.25,NA
"344","Tragopogon_pratensis",131,80,NA,0.37914691943128,0.610687022900763,"c3","hc",8,75,"h",1507.5,5372.833335
"345","Trientalis_europaea",47,0.5,"Trientalis_europaea",0.0105263157894737,0.0106382978723404,"c3","Gn",5,20,"h",221.861666666667,1068.50714285714
"346","Trifolium_hybridum",359,463,NA,0.563260340632603,0.775377969762419,"c3","hc",7,60,"h",1675.95,318
"347","Trifolium_repens",136,198,NA,0.592814371257485,0.686868686868687,"c3","hc",7,20,"h",682,16628.1714285714
"348","Triglochin_maritimum",103,30,NA,0.225563909774436,0.29126213592233,"c3","hc",8,55,"h",NA,NA
"349","Tripleurospermum_inodorum",37,75,NA,0.669642857142857,0.493333333333333,"c3","Th",8,60,"h",NA,NA
"350","Trisetum_flavescens",101,120,NA,0.542986425339366,0.841666666666667,"c3","hc",7,80,"h",385,46381.325
"351","Tuberaria_guttata",100,100,NA,0.5,1,"c3","Th",9,15,"h",NA,60
"352","Vaccinium_myrtillus",120,18,"Vaccinium_myrtillus",0.130434782608696,0.15,"c3","Ch",6,50,"w",72.3027586206897,2293.27166665
"353","Vaccinium_oxycoccos",486,0,NA,0,0,"c3","Ch",8,30,"h",15.95,454.055555583333
"354","Vaccinium_uliginosum",189.3,0,NA,0,0,"c3","Ch",7,50,"w",113.450967741935,28.6
"355","Verbascum_thapsus",140,10,NA,0.0666666666666667,0.0714285714285714,"c3","hc",7,200,"h",21628.3333333333,587457.2666
"356","Verbena_officinalis",273,67,NA,0.197058823529412,0.245421245421245,"c3","hc",8,67,"h",377.25,404
"357","Veronica_alpina",148,127,NA,0.461818181818182,0.858108108108108,"c3","Ch",8,12,"h",51.7722222222222,106.428571428571
"359","Veronica_chamaedrys",190,4,"Veronica_chamaedrys",0.0206185567010309,0.0210526315789474,"c3","Ch",6,30,"h",355.5,12629.675
"360","Veronica_montana",164,0,"Veronica_montana",0,0,"c3","Ch",4,15,"h",458,12829
"361","Veronica_officinalis",90,23,"Veronica_officinalis",0.20353982300885,0.255555555555556,"c3","Ch",6,23,"h",54,12890.203125
"362","Veronica_spicata",130,50,NA,0.277777777777778,0.384615384615385,"c3","hc",8,45,"h",505,127910.33335
"363","Viburnum_lantana",136,0,"Viburnum_lantana",0,0,"c3","Ph",7,600,"w",3869.5,117.3125
"364","Viburnum_opulus",126,0,NA,0,0,"c3","Ph",6,400,"w",2086.06666666667,748.5
"365","Vicia_hirsuta",21,63,NA,0.75,0.333333333333333,"c3","Th",7,80,"h",305.333333333333,3883.10476142857
"366","Vicia_sepium",160,0,NA,0,0,"c3","hc",6,60,"h",1242,899.778571428571
"367","Vicia_sylvatica",5,78,NA,0.939759036144578,0.0641025641025641,"c3","hc",7,150,"h",900,354.2
"368","Vinca_minor",270,0,"Vinca_minor",0,0,"c3","Ch",4,15,"h",565,2.5
"369","Viola_canina",141,0,NA,0,0,"c3","hc",8,18,"h",238,10508.0166666667
"370","Viola_hirta",201,56,NA,0.217898832684825,0.278606965174129,"c3","hc",7,15,"h",3436,NA
"371","Viola_kitaibeliana",210,135,NA,0.391304347826087,0.642857142857143,"c3","Th",9,10,"h",NA,NA
"372","Viola_odorata",96,5,NA,0.0495049504950495,0.0520833333333333,"c3","hc",5,15,"h",1975.5,NA
"373","Viola_reichenbachiana",52,0,"Viola_reichenbachiana",0,0,"c3","hc",4,13,"h",488,3108.3
"375","Acer_campestre",270,0.5,"Acer_campestre",0.00184842883548983,0.00185185185185185,"c3","Ph",5,1500,"w",4741.5,1548.5
"376","Populus_alba",315,0,"Populus_alba",0,0,"c3","Ph",6,2000,"w",NA,NA
"381","Tilia_parvifolia",214,0,"Tilia_cordata",0,0,"c3","Ph",5,2500,"w",0,3
"383","Ulmus_montana",218,0,"Ulmus_glabra",0,0,"c3","Ph",4,3000,"w",3395.23333333333,1
"384","Castanea_vulgaris",330,0,"Castanea_sativa",0,0,"c3","Ph",5,3000,"w",7259.43333333333,1
"385","Crataegus_oxyacanthoides",147,0,"Crataegus_laevigata",0,0,"c3","Ph",5,1000,"w",730,64
"386","Prunus_cerasus",216,0,"Cerasus_vulgaris",0,0,"c3","Ph",6,800,"w",2423.375,NA
"390","Sambucus_nigra",90,0,"Sambucus_nigra",0,0,"c3","Ph",6,1000,"w",1068.225,5
"391","Asperula_odorata",119,0,"Galium_odoratum",0,0,"c3","hc",3,45,"h",361,3292.1
"392","Cephalanthera_pallens",48,0,"Cephalanthera_longifolia",0,0,"c3","Gn",5,60,"h",1770.34333333333,100
"393","Circaea_lutetiana",154,0,"Circaea_lutetiana",0,0,"c3","Gn",4,60,"h",2643,1194.9666666
"394","Conopodium_denudatum",130,0,"Conopodium_majus",0,0,"c3","Gn",6,40,"h",446,108.75
"395","Dentaria_bulbifera",104,0,"Cardamine_bulbifera",0,0,"c3","Gn",3,70,"h",2207,17.775
"396","Epipactis_latifolia",41,0,"Epipactis_helleborine",0,0,"c3","Gn",4,80,"h",2582.83333333333,6849563.8
"398","Iris_foetidissima",78,0,"Xyridion_foetidissimum",0,0,"c3","hc",5,80,"h",8748,NA
"401","Pyrola_rotundifolia",200,0,"Pyrola_rotundifolia",0,0,"c3","hc",6,12,"h",1026,NA
"402","Scirpus_sylvaticus",108,0,"Scirpus_sylvaticus",0,0,"c3","hc",6,120,"h",6962.625,142978.05
"406","Brachypodium_sylvaticum",0,240,"Brachypodium_sylvaticum",1,0,"c3","hc",6,95,"h",3886.54545454545,2830.625
"409","Calamintha_clinopodium",235,0,"Clinopodium_vulgare",0,0,"c3","hc",7,77,"h",1055,72304
"410","Carex_pendula",189,0,"Carex_pendula",0,0,"c3","hc",5,150,"h",12540,2479.75
"412","Geum_urbanum",160,23,"Geum_urbanum",0.12568306010929,0.14375,"c3","hc",4,70,"h",3441,9921.9583325
"414","Hypericum_humifusum",328,0,"Hypericum_humifusum",0,0,"c3","Ch",7,10,"h",42.875,2207.4
"416","Melittis_melissophyllum",191,0,"Melittis_melissophyllum",0,0,"c3","hc",5,60,"h",2586.75,48
"419","Scrophularia_vernalis",130,4,"Venilia_vernalis",0.0298507462686567,0.0307692307692308,"c3","hc",5,65,"h",3516.625,54770
"421","Vicia_cracca",44,130,"Vicia_cracca",0.747126436781609,0.338461538461538,"c3","hc",7,120,"h",971.5,3928.97878818182
